{
    "amount": 33.493946102190456,
    "cat_id": 14.100702293105295,
    "hour": 12.2653983104216,
    "week_of_year": 6.89762915091933,
    "merch": 6.066380944414161
}